Steps,Policy/Extrinsic Value Estimate,Policy/Curiosity Value Estimate,Policy/Entropy,Self-play/ELO,Environment/Cumulative Reward,Policy/Extrinsic Reward,Policy/Curiosity Reward,Environment/Episode Length,Is Training
490000,11.78317,-27.228455,0.6468511,1197.5025119332345,6.597499370574951,6.597499370574951,0.0,691.6666666666666,1.0
495000,1.5655144,-28.252623,0.5879207,1193.506600994529,8.332499027252197,8.332499027252197,0.7069289609789848,726.0,1.0
500000,-7.515085,-18.222582,0.6100991,1191.00920101918,26.299997687339783,26.299997687339783,15.234424412250519,2682.0,1.0
