{"cameraMode":{"drawMode":0,"name":"Shaded","section":"Shading Mode"},"sceneLighting":false,"audioPlay":false,"sceneViewState":{"showFog":true,"showMaterialUpdate":true,"showSkybox":false,"showFlares":true,"showImageEffects":true,"showParticleSystems":true},"in2DMode":false,"pivot":{"x":-3.569999933242798,"y":2.6700000762939455,"z":8.710000038146973},"rotation":{"x":-0.0330183282494545,"y":0.9473260045051575,"z":-0.30116838216781618,"w":-0.10386060178279877},"size":10.0,"orthographic":false}